[
    {
        "id": 1,
        "name": "Dr. Pompeu Pompilho Pomposo",
        "gender": "masculino",
        "profile": "Júnior",
        "age": 21,
        "experience": "2 anos",
        "info": {
            "skills": "NODEJS, ANGULAR 4, ASP.NET",
            "state": "São Paulo",
            "city": "Barueri"
        },
        "status": "Disponível"
    },
    {
        "id": 2,
        "name": "Letícia Coutinho",
        "gender": "feminino",
        "profile": "Sênior",
        "age": 28,
        "experience": "5 anos",
        "info": {
            "skills": "C#, ASP.NET, MVC, WebApi",
            "state": "São Paulo",
            "city": "São Paulo"
        },
        "status": "Disponível"
    },
    {
        "id": 3,
        "name": "Fabio Galante Mans",
        "gender": "masculino",
        "profile": "Pleno",
        "age": 30,
        "experience": "10 anos",
        "info": {
            "skills": "NODEJS, ANGULAR 4, ASP.NET",
            "state": "São Paulo",
            "city": "São Paulo"
        },
        "status": "Disponível"
    },
    {
        "id": 4,
        "name": "Reginaldo Alves de Barros",
        "gender": "masculino",
        "profile": "Pleno",
        "age": 28,
        "experience": "4 anos",
        "info": {
            "skills": "C#, ENTITY, SQL",
            "state": "São Paulo",
            "city": "São Paulo"
        },
        "status": "Não Disponível"
    }
]
