[
  {
    "name": "Ranbir kapoor",
    "order_id": "#35457898",
    "photo":"assets/images/chair4.jpg",
    "product": "Still Gray Chair",
    "quantity": 61,
    "date": "05-04-2011",
    "status":"Failed"
  },
  {
    "name": "Varun Dhavan",
    "order_id": "#35457899",
    "photo": "assets/images/chair2.jpg",
    "product": "Gray Chair",
    "quantity": 63,
    "date": "25-07-2011",
    "status":"Pending"
  },
  {
    "name": "Genelia Jobs",
    "order_id": "#35457900",
    "photo": "assets/images/chair.jpg",
    "product": "Gold Wooden Chair",
    "quantity": 66,
    "date": "12-01-2009",
    "status":"Paid"
  },
  {
    "name": "Steave Jobs",
    "order_id": "#35457950",
    "photo": "assets/images/chair.jpg",
    "product": "Pure Wooden chair",
    "quantity": 22,
    "date": "09-03-2012",
    "status":"Paid"
  },
  {
    "name": "Hrithik",
    "order_id": "#35457952",
    "photo": "assets/images/chair3.jpg",
    "product": "Rounded Chair",
    "quantity": 33,
    "date": "28-11-2008",
    "status":"Failed"
  },
  {
    "name": "Sonu Nigam",
    "order_id": "#35457953",
    "photo": "assets/images/chair4.jpg",
    "product": "Globe Rounded Chair",
    "quantity": 61,
    "date": "02-12-2012",
    "status":"Pending"
  },
  {
    "name": "Ritesh Desh",
    "order_id": "#35457960",
    "photo": "assets/images/chair3.jpg",
    "product": "Wooden Chair",
    "quantity": 59,
    "date": "06-08-2012",
    "status":"Paid"
  },
  {
    "name": "Pawan Trivedi",
    "order_id": "#35457985",
    "photo": "assets/images/chair.jpg",
    "product": "Comfirtable chair",
    "quantity": 59,
    "date": "06-08-2016",
    "status":"Paid"
  }
]
